ID,Variable,Value,mean_value,subject_variable,row_number
1,aor,-1.623,0.255,1_aor,1
1,aor,-0.196,0.255,1_aor,2
1,aor,1.265,0.255,1_aor,3
1,aor,,0.255,1_aor,4
1,aor,,0.255,1_aor,5
1,aor,,0.255,1_aor,6
1,aor,,0.255,1_aor,7
1,aor,,0.255,1_aor,8
1,aor,,0.255,1_aor,9
2,aor,,0.255,2_aor,10
2,aor,0.987,0.255,2_aor,11
2,aor,-0.236,0.255,2_aor,12
2,aor,,0.255,2_aor,13
2,aor,,0.255,2_aor,14
2,aor,,0.255,2_aor,15
2,aor,,0.255,2_aor,16
2,aor,,0.255,2_aor,17
3,aor,,0.255,3_aor,18
3,aor,-1.07,0.255,3_aor,19
3,aor,0.848,0.255,3_aor,20
3,aor,,0.255,3_aor,21
3,aor,,0.255,3_aor,22
3,aor,,0.255,3_aor,23
3,aor,,0.255,3_aor,24
3,aor,,0.255,3_aor,25
4,aor,-1.383,0.255,4_aor,26
4,aor,0.464,0.255,4_aor,27
4,aor,-0.725,0.255,4_aor,28
5,aor,0.721,0.255,5_aor,29
5,aor,1.252,0.255,5_aor,30
5,aor,-0.304,0.255,5_aor,31
1,aqi,,0.558,1_aqi,32
1,aqi,1.211,0.558,1_aqi,33
1,aqi,-0.23,0.558,1_aqi,34
1,aqi,,0.558,1_aqi,35
1,aqi,,0.558,1_aqi,36
1,aqi,,0.558,1_aqi,37
1,aqi,,0.558,1_aqi,38
1,aqi,,0.558,1_aqi,39
1,aqi,,0.558,1_aqi,40
2,aqi,1.054,0.558,2_aqi,41
2,aqi,-0.075,0.558,2_aqi,42
2,aqi,-1.042,0.558,2_aqi,43
2,aqi,,0.558,2_aqi,44
2,aqi,,0.558,2_aqi,45
2,aqi,,0.558,2_aqi,46
2,aqi,,0.558,2_aqi,47
2,aqi,,0.558,2_aqi,48
3,aqi,-0.532,0.558,3_aqi,49
3,aqi,1.011,0.558,3_aqi,50
3,aqi,-1.075,0.558,3_aqi,51
3,aqi,,0.558,3_aqi,52
3,aqi,,0.558,3_aqi,53
3,aqi,,0.558,3_aqi,54
3,aqi,,0.558,3_aqi,55
3,aqi,,0.558,3_aqi,56
4,aqi,1.346,0.558,4_aqi,57
4,aqi,-0.93,0.558,4_aqi,58
4,aqi,0.132,0.558,4_aqi,59
5,aqi,-0.547,0.558,5_aqi,60
5,aqi,1.212,0.558,5_aqi,61
5,aqi,-1.534,0.558,5_aqi,62
1,dvars_nstd,,1.148,1_dvars_nstd,63
1,dvars_nstd,0.773,1.148,1_dvars_nstd,64
1,dvars_nstd,-0.435,1.148,1_dvars_nstd,65
1,dvars_nstd,,1.148,1_dvars_nstd,66
1,dvars_nstd,,1.148,1_dvars_nstd,67
1,dvars_nstd,,1.148,1_dvars_nstd,68
1,dvars_nstd,,1.148,1_dvars_nstd,69
1,dvars_nstd,,1.148,1_dvars_nstd,70
1,dvars_nstd,,1.148,1_dvars_nstd,71
2,dvars_nstd,0.886,1.148,2_dvars_nstd,72
2,dvars_nstd,0.106,1.148,2_dvars_nstd,73
2,dvars_nstd,-0.344,1.148,2_dvars_nstd,74
2,dvars_nstd,,1.148,2_dvars_nstd,75
2,dvars_nstd,,1.148,2_dvars_nstd,76
2,dvars_nstd,,1.148,2_dvars_nstd,77
2,dvars_nstd,,1.148,2_dvars_nstd,78
2,dvars_nstd,,1.148,2_dvars_nstd,79
3,dvars_nstd,2.008,1.148,3_dvars_nstd,80
3,dvars_nstd,-0.116,1.148,3_dvars_nstd,81
3,dvars_nstd,0.185,1.148,3_dvars_nstd,82
3,dvars_nstd,,1.148,3_dvars_nstd,83
3,dvars_nstd,,1.148,3_dvars_nstd,84
3,dvars_nstd,,1.148,3_dvars_nstd,85
3,dvars_nstd,,1.148,3_dvars_nstd,86
3,dvars_nstd,,1.148,3_dvars_nstd,87
4,dvars_nstd,0.46,1.148,4_dvars_nstd,88
4,dvars_nstd,0.39,1.148,4_dvars_nstd,89
4,dvars_nstd,,1.148,4_dvars_nstd,90
5,dvars_nstd,-0.865,1.148,5_dvars_nstd,91
5,dvars_nstd,-1.048,1.148,5_dvars_nstd,92
5,dvars_nstd,-2.001,1.148,5_dvars_nstd,93
1,fd_mean,0.765,0.227,1_fd_mean,94
1,fd_mean,-1.37,0.227,1_fd_mean,95
1,fd_mean,1.021,0.227,1_fd_mean,96
1,fd_mean,,0.227,1_fd_mean,97
1,fd_mean,,0.227,1_fd_mean,98
1,fd_mean,,0.227,1_fd_mean,99
1,fd_mean,,0.227,1_fd_mean,100
1,fd_mean,,0.227,1_fd_mean,101
1,fd_mean,,0.227,1_fd_mean,102
2,fd_mean,1.168,0.227,2_fd_mean,103
2,fd_mean,,0.227,2_fd_mean,104
2,fd_mean,-0.329,0.227,2_fd_mean,105
2,fd_mean,,0.227,2_fd_mean,106
2,fd_mean,,0.227,2_fd_mean,107
2,fd_mean,,0.227,2_fd_mean,108
2,fd_mean,,0.227,2_fd_mean,109
2,fd_mean,,0.227,2_fd_mean,110
3,fd_mean,-0.572,0.227,3_fd_mean,111
3,fd_mean,-0.079,0.227,3_fd_mean,112
3,fd_mean,-0.649,0.227,3_fd_mean,113
3,fd_mean,,0.227,3_fd_mean,114
3,fd_mean,,0.227,3_fd_mean,115
3,fd_mean,,0.227,3_fd_mean,116
3,fd_mean,,0.227,3_fd_mean,117
3,fd_mean,,0.227,3_fd_mean,118
4,fd_mean,-1.075,0.227,4_fd_mean,119
4,fd_mean,,0.227,4_fd_mean,120
4,fd_mean,-1.162,0.227,4_fd_mean,121
5,fd_mean,1.298,0.227,5_fd_mean,122
5,fd_mean,-0.399,0.227,5_fd_mean,123
5,fd_mean,1.385,0.227,5_fd_mean,124
1,fd_perc,0.514,20.709,1_fd_perc,125
1,fd_perc,1.056,20.709,1_fd_perc,126
1,fd_perc,0.388,20.709,1_fd_perc,127
1,fd_perc,,20.709,1_fd_perc,128
1,fd_perc,,20.709,1_fd_perc,129
1,fd_perc,,20.709,1_fd_perc,130
1,fd_perc,,20.709,1_fd_perc,131
1,fd_perc,,20.709,1_fd_perc,132
1,fd_perc,,20.709,1_fd_perc,133
2,fd_perc,-1.416,20.709,2_fd_perc,134
2,fd_perc,,20.709,2_fd_perc,135
2,fd_perc,-1.429,20.709,2_fd_perc,136
2,fd_perc,,20.709,2_fd_perc,137
2,fd_perc,,20.709,2_fd_perc,138
2,fd_perc,,20.709,2_fd_perc,139
2,fd_perc,,20.709,2_fd_perc,140
2,fd_perc,,20.709,2_fd_perc,141
3,fd_perc,-1.098,20.709,3_fd_perc,142
3,fd_perc,1.093,20.709,3_fd_perc,143
3,fd_perc,0.955,20.709,3_fd_perc,144
3,fd_perc,,20.709,3_fd_perc,145
3,fd_perc,,20.709,3_fd_perc,146
3,fd_perc,,20.709,3_fd_perc,147
3,fd_perc,,20.709,3_fd_perc,148
3,fd_perc,,20.709,3_fd_perc,149
4,fd_perc,,20.709,4_fd_perc,150
4,fd_perc,0.675,20.709,4_fd_perc,151
4,fd_perc,-0.485,20.709,4_fd_perc,152
5,fd_perc,-1.144,20.709,5_fd_perc,153
5,fd_perc,-0.153,20.709,5_fd_perc,154
5,fd_perc,1.043,20.709,5_fd_perc,155
1,gcor,-0.634,0.169,1_gcor,156
1,gcor,-0.441,0.169,1_gcor,157
1,gcor,0.314,0.169,1_gcor,158
1,gcor,,0.169,1_gcor,159
1,gcor,,0.169,1_gcor,160
1,gcor,,0.169,1_gcor,161
1,gcor,,0.169,1_gcor,162
1,gcor,,0.169,1_gcor,163
1,gcor,,0.169,1_gcor,164
2,gcor,-1.293,0.169,2_gcor,165
2,gcor,-0.885,0.169,2_gcor,166
2,gcor,2.293,0.169,2_gcor,167
2,gcor,,0.169,2_gcor,168
2,gcor,,0.169,2_gcor,169
2,gcor,,0.169,2_gcor,170
2,gcor,,0.169,2_gcor,171
2,gcor,,0.169,2_gcor,172
3,gcor,-0.396,0.169,3_gcor,173
3,gcor,-0.404,0.169,3_gcor,174
3,gcor,0.206,0.169,3_gcor,175
3,gcor,,0.169,3_gcor,176
3,gcor,,0.169,3_gcor,177
3,gcor,,0.169,3_gcor,178
3,gcor,,0.169,3_gcor,179
3,gcor,,0.169,3_gcor,180
4,gcor,0.233,0.169,4_gcor,181
4,gcor,1.226,0.169,4_gcor,182
4,gcor,-0.257,0.169,4_gcor,183
5,gcor,-0.196,0.169,5_gcor,184
5,gcor,-1.213,0.169,5_gcor,185
5,gcor,1.449,0.169,5_gcor,186
1,gsr_x,0.193,0.032,1_gsr_x,187
1,gsr_x,-0.68,0.032,1_gsr_x,188
1,gsr_x,0.075,0.032,1_gsr_x,189
1,gsr_x,,0.032,1_gsr_x,190
1,gsr_x,,0.032,1_gsr_x,191
1,gsr_x,,0.032,1_gsr_x,192
1,gsr_x,,0.032,1_gsr_x,193
1,gsr_x,,0.032,1_gsr_x,194
1,gsr_x,,0.032,1_gsr_x,195
2,gsr_x,0.908,0.032,2_gsr_x,196
2,gsr_x,0.861,0.032,2_gsr_x,197
2,gsr_x,-1.034,0.032,2_gsr_x,198
2,gsr_x,,0.032,2_gsr_x,199
2,gsr_x,,0.032,2_gsr_x,200
2,gsr_x,,0.032,2_gsr_x,201
2,gsr_x,,0.032,2_gsr_x,202
2,gsr_x,,0.032,2_gsr_x,203
3,gsr_x,-0.921,0.032,3_gsr_x,204
3,gsr_x,-1.909,0.032,3_gsr_x,205
3,gsr_x,1.175,0.032,3_gsr_x,206
3,gsr_x,,0.032,3_gsr_x,207
3,gsr_x,,0.032,3_gsr_x,208
3,gsr_x,,0.032,3_gsr_x,209
3,gsr_x,,0.032,3_gsr_x,210
3,gsr_x,,0.032,3_gsr_x,211
4,gsr_x,0.377,0.032,4_gsr_x,212
4,gsr_x,-0.028,0.032,4_gsr_x,213
4,gsr_x,0.808,0.032,4_gsr_x,214
5,gsr_x,0.78,0.032,5_gsr_x,215
5,gsr_x,-1.607,0.032,5_gsr_x,216
5,gsr_x,1.001,0.032,5_gsr_x,217
1,gsr_y,-0.235,0.031,1_gsr_y,218
1,gsr_y,1.468,0.031,1_gsr_y,219
1,gsr_y,-1.548,0.031,1_gsr_y,220
1,gsr_y,,0.031,1_gsr_y,221
1,gsr_y,,0.031,1_gsr_y,222
1,gsr_y,,0.031,1_gsr_y,223
1,gsr_y,,0.031,1_gsr_y,224
1,gsr_y,,0.031,1_gsr_y,225
1,gsr_y,,0.031,1_gsr_y,226
2,gsr_y,-1.018,0.031,2_gsr_y,227
2,gsr_y,0.131,0.031,2_gsr_y,228
2,gsr_y,,0.031,2_gsr_y,229
2,gsr_y,,0.031,2_gsr_y,230
2,gsr_y,,0.031,2_gsr_y,231
2,gsr_y,,0.031,2_gsr_y,232
2,gsr_y,,0.031,2_gsr_y,233
2,gsr_y,,0.031,2_gsr_y,234
3,gsr_y,-0.004,0.031,3_gsr_y,235
3,gsr_y,-0.476,0.031,3_gsr_y,236
3,gsr_y,0.493,0.031,3_gsr_y,237
3,gsr_y,,0.031,3_gsr_y,238
3,gsr_y,,0.031,3_gsr_y,239
3,gsr_y,,0.031,3_gsr_y,240
3,gsr_y,,0.031,3_gsr_y,241
3,gsr_y,,0.031,3_gsr_y,242
4,gsr_y,-1.381,0.031,4_gsr_y,243
4,gsr_y,-0.035,0.031,4_gsr_y,244
4,gsr_y,1.372,0.031,4_gsr_y,245
5,gsr_y,0.561,0.031,5_gsr_y,246
5,gsr_y,1.463,0.031,5_gsr_y,247
5,gsr_y,-0.789,0.031,5_gsr_y,248
1,tsnr,-1.451,233.077,1_tsnr,249
1,tsnr,-0.597,233.077,1_tsnr,250
1,tsnr,0.726,233.077,1_tsnr,251
1,tsnr,,233.077,1_tsnr,252
1,tsnr,,233.077,1_tsnr,253
1,tsnr,,233.077,1_tsnr,254
1,tsnr,,233.077,1_tsnr,255
1,tsnr,,233.077,1_tsnr,256
1,tsnr,,233.077,1_tsnr,257
2,tsnr,0.177,233.077,2_tsnr,258
2,tsnr,-0.66,233.077,2_tsnr,259
2,tsnr,0.605,233.077,2_tsnr,260
2,tsnr,,233.077,2_tsnr,261
2,tsnr,,233.077,2_tsnr,262
2,tsnr,,233.077,2_tsnr,263
2,tsnr,,233.077,2_tsnr,264
2,tsnr,,233.077,2_tsnr,265
3,tsnr,0.825,233.077,3_tsnr,266
3,tsnr,0.883,233.077,3_tsnr,267
3,tsnr,0.084,233.077,3_tsnr,268
3,tsnr,,233.077,3_tsnr,269
3,tsnr,,233.077,3_tsnr,270
3,tsnr,,233.077,3_tsnr,271
3,tsnr,,233.077,3_tsnr,272
3,tsnr,,233.077,3_tsnr,273
4,tsnr,-1.822,233.077,4_tsnr,274
4,tsnr,0.871,233.077,4_tsnr,275
4,tsnr,0.875,233.077,4_tsnr,276
5,tsnr,0.4,233.077,5_tsnr,277
5,tsnr,-1.74,233.077,5_tsnr,278
5,tsnr,0.825,233.077,5_tsnr,279
